year,state,dismissed_count,prison_count,withdrawal_count,avg_decision_end_per1lakhcases,avg_fileend_per1lakhcases,avg_filecourt_per1lakhcases,pendingcases_count,pending_casesperlakh,criminal_count,criminal_perlakh,noncriminal_count,noncriminal_perlakh,total_cases,avgyears_fileend_per1lakhcases,avgyears_filecourt_per1lakhcases
2010,Andhra Pradesh,27690,0,1332,0,888,353,200,0.002,73357,0.73357,30467,0.46002,119359,2.43287671232877,0.967123287671233
2011,Andhra Pradesh,35976,0,1802,0,598,165,5710,0.0571,94262,1.11527,46710,0.63975,158237,1.63835616438356,0.452054794520548
2012,Andhra Pradesh,40361,0,2068,0,503,114,838,0.00838,97487,1.23052,52130,0.72407,180811,1.37808219178082,0.312328767123288
2013,Andhra Pradesh,36882,0,2653,0,411,90,1004,0.01004,111718,1.23547,71926,0.83755,195473,1.12602739726027,0.246575342465753
2014,Andhra Pradesh,11372,0,679,0,990,188,2106,0.02106,149739,0.43522,90652,0.27153,246828,2.71232876712329,0.515068493150685
2015,Andhra Pradesh,13358,0,1110,0,666,113,2642,0.02642,172273,0.60338,95688,0.33901,269049,1.82465753424658,0.30958904109589
2016,Andhra Pradesh,0,0,0,0,1119,202,2658,0.02658,177757,0.31566,92329,0.16792,273082,3.06575342465753,0.553424657534247
2017,Andhra Pradesh,0,0,0,0,310,60,1656,0.01656,188789,0.79525,102614,0.45845,309346,0.849315068493151,0.164383561643836
2018,Andhra Pradesh,0,0,0,0,232,60,5579,0.05579,160724,0.59479,85281,0.33408,317917,0.635616438356164,0.164383561643836
2010,Assam,0,0,0,0,0,0,0,0,0,0,0,0,0,0,0
2011,Assam,9800,1307,1145,4,1384,476,3237,0.03237,7782,0.39268,32965,0.64451,72233,3.79178082191781,1.3041095890411
2012,Assam,12621,422,1183,2,953,329,900,0.009,12236,0.56425,31342,0.77753,91339,2.61095890410959,0.901369863013699
2013,Assam,13227,553,1744,0,603,179,1164,0.01164,20782,0.72041,39649,0.90908,111690,1.65205479452055,0.49041095890411
2014,Assam,3940,138,528,0,1743,578,643,0.00643,55566,0.1745,69277,0.21313,131610,4.77534246575342,1.58356164383562
2015,Assam,4092,111,559,0,1120,308,875,0.00875,76636,0.25146,75903,0.24596,155744,3.06849315068493,0.843835616438356
2016,Assam,0,105,0,0,1666,443,1951,0.01951,82355,0.14921,70313,0.13121,155943,4.56438356164384,1.21369863013699
2017,Assam,0,566,0,0,339,68,3002,0.03002,119353,0.528,76879,0.36124,214503,0.928767123287671,0.186301369863014
2018,Assam,0,204,0,0,286,60,0,0,87251,0.36264,67779,0.29359,212765,0.783561643835616,0.164383561643836
2010,Bihar,0,0,0,0,0,0,0,0,0,0,0,0,0,0,0
2011,Bihar,13381,1,887,9,1352,724,16698,0.16698,22241,0.77582,94796,1.50137,172378,3.7041095890411,1.98356164383562
2012,Bihar,22569,1,1413,8,889,419,1237,0.01237,26557,0.97259,108232,1.88089,217541,2.43561643835616,1.14794520547945
2013,Bihar,34561,3,3002,5,518,215,2230,0.0223,43018,1.19772,166963,2.43717,286735,1.41917808219178,0.589041095890411
2014,Bihar,11051,3,1533,12,1134,410,8506,0.08506,63409,0.22731,273765,0.81386,355055,3.10684931506849,1.12328767123288
2015,Bihar,12614,16,1512,4,731,232,3770,0.0377,64991,0.22182,307714,0.98608,378305,2.0027397260274,0.635616438356164
2016,Bihar,7,4,708,9,910,321,4275,0.04275,85795,0.16212,296486,0.53374,389051,2.49315068493151,0.879452054794521
2017,Bihar,9,2,857,6,241,63,6501,0.06501,132720,0.54902,332190,1.32444,479259,0.66027397260274,0.172602739726027
2018,Bihar,8,3,240,5,130,30,0,0,117746,0.44437,368343,1.30363,612675,0.356164383561644,0.082191780821918
2010,Chandigarh,0,0,0,0,0,0,0,0,0,0,0,0,0,0,0
2011,Chandigarh,3125,0,3617,315,5682,1073,145,0.00145,7238,0.12868,2138,0.07768,15006,15.5671232876712,2.93972602739726
2012,Chandigarh,3642,0,3959,75,3146,579,9,9E-05,3062,0.18866,634,0.16193,19580,8.61917808219178,1.58630136986301
2013,Chandigarh,4476,0,4683,16,2020,328,1,1E-05,5065,0.23703,784,0.19422,24487,5.53424657534247,0.898630136986301
2014,Chandigarh,1338,0,1095,0,6049,540,3,3E-05,22853,0.05425,5041,0.0126,27899,16.572602739726,1.47945205479452
2015,Chandigarh,1676,0,1805,2,4152,154,1,1E-05,24153,0.07684,5104,0.01599,29257,11.3753424657534,0.421917808219178
2016,Chandigarh,0,2,23,1,9404,167,0,0,25786,0.03689,3996,0.00552,29782,25.7643835616438,0.457534246575342
2017,Chandigarh,2,2,39,0,2903,19,0,0,28504,0.10583,2867,0.01063,33211,7.95342465753425,0.052054794520548
2018,Chandigarh,0,0,55,0,2747,21,0,0,22949,0.06876,5517,0.01709,35242,7.52602739726027,0.057534246575343
2010,Chattisgarh,0,0,0,0,0,0,0,0,0,0,0,0,0,0,0
2011,Chattisgarh,3912,0,527,75,3320,1145,5054,0.05054,16662,0.19985,18105,0.21428,38090,9.09589041095891,3.13698630136986
2012,Chattisgarh,9624,0,1279,2,1474,382,255,0.00255,30723,0.45705,27654,0.42401,76565,4.03835616438356,1.04657534246575
2013,Chattisgarh,6304,0,1132,1,1912,777,789,0.00789,27652,0.34027,25861,0.32236,59888,5.23835616438356,2.12876712328767
2014,Chattisgarh,2025,0,409,1,2013,431,4953,0.04953,83871,0.20342,46780,0.11466,131190,5.51506849315069,1.18082191780822
2015,Chattisgarh,3222,0,668,1,970,148,5414,0.05414,102347,0.32383,59392,0.18865,162186,2.65753424657534,0.405479452054794
2016,Chattisgarh,59,93,56,0,1267,148,8536,0.08536,114166,0.20159,64992,0.11544,179927,3.47123287671233,0.405479452054794
2017,Chattisgarh,93,189,42,0,477,47,0,0,114679,0.42355,66466,0.24785,192181,1.30684931506849,0.128767123287671
2018,Chattisgarh,29,124,17,0,287,42,0,0,101686,0.35538,59476,0.22584,217706,0.786301369863014,0.115068493150685
2010,Delhi,0,0,0,0,0,0,0,0,0,0,0,0,0,0,0
2011,Delhi,18405,1,18270,12,869,116,4452,0.04452,34491,0.90602,13584,0.69695,104186,2.38082191780822,0.317808219178082
2012,Delhi,18030,0,18388,7,749,85,365,0.00365,35097,0.99364,13579,0.7543,114464,2.05205479452055,0.232876712328767
2013,Delhi,19709,2,22472,10,523,58,543,0.00543,55164,1.27004,19823,0.91663,146287,1.43287671232877,0.158904109589041
2014,Delhi,5389,1,5796,37,1719,215,752,0.00752,67139,0.35622,23379,0.25111,172409,4.70958904109589,0.589041095890411
2015,Delhi,7905,8,9246,5,987,114,759,0.00759,84576,0.55415,33582,0.39499,209976,2.7041095890411,0.312328767123288
2016,Delhi,6,278,1493,0,1156,125,0,0,193141,0.31419,84254,0.16023,308537,3.16712328767123,0.342465753424657
2017,Delhi,11,833,5034,0,256,21,0,0,261745,0.9703,104030,0.38537,387146,0.701369863013699,0.057534246575343
2018,Delhi,5,693,3662,0,191,14,0,0,211664,0.69371,97808,0.34886,403869,0.523287671232877,0.038356164383562
2010,Diu and daman,0,0,0,0,0,0,0,0,0,0,0,0,0,0,0
2011,Diu and daman,57,0,31,0,125385,16274,14,0.00014,361,0.00368,221,0.00228,589,343.520547945205,44.586301369863
2012,Diu and daman,99,0,96,0,30886,3536,0,0,883,0.01021,280,0.00342,1332,84.6191780821918,9.68767123287671
2013,Diu and daman,33,0,46,0,25849,1928,129,0.00129,999,0.01091,300,0.00392,1391,70.8191780821918,5.28219178082192
2014,Diu and daman,4,0,9,0,121244,16820,4,4E-05,718,0.00178,"264,",0.00075,990,332.175342465753,46.0821917808219
2015,Diu and daman,13,0,17,0,43816,4890,0,0,1060,0.00343,511,0.0015,1581,120.043835616438,13.3972602739726
2016,Diu and daman,0,0,0,0,70814,8871,0,0,908,0.00141,618,0.00102,1589,194.01095890411,24.3041095890411
2017,Diu and daman,0,0,0,0,24610,2509,0,0,908,0.00385,463,0.00229,1558,67.4246575342466,6.87397260273973
2018,Diu and daman,0,0,0,0,18617,2583,0,0,1045,0.00337,260,0.00092,1644,51.0054794520548,7.07671232876712
2010,DNH at silvasa,0,0,0,0,0,0,0,0,0,0,0,0,0,0,0
2011,DNH at silvasa,60,0,65,147,135830,15277,56,0.00056,186,0.00381,289,0.00484,670,372.13698630137,41.8547945205479
2012,DNH at silvasa,66,0,66,1,108045,5640,0,0,169,0.00456,297,0.00599,790,296.013698630137,15.4520547945205
2013,DNH at silvasa,65,0,89,0,37736,1866,0,0,414,0.00888,528,0.01002,1416,103.386301369863,5.11232876712329
2014,DNH at silvasa,23,0,14,0,229785,14884,0,0,378,0.00153,492,0.0017,1069,629.54794520548,40.7780821917808
2015,DNH at silvasa,35,0,31,0,126743,10691,0,0,670,0.0019,591,0.00189,1261,347.241095890411,29.2904109589041
2016,DNH at silvasa,0,4,0,0,300390,13205,0,0,434,0.00057,572,0.00094,1006,822.986301369863,36.1780821917808
2017,DNH at silvasa,0,2,0,0,95954,4190,0,0,426,0.00149,435,0.00173,903,262.887671232877,11.4794520547945
2018,DNH at silvasa,0,50,0,0,54424,5831,0,0,591,0.00191,459,0.00143,1298,149.106849315069,15.9753424657534
2010,Goa,0,0,0,0,0,0,0,0,0,0,0,0,0,0,0
2011,Goa,17,0,108,149,3068,516,5287,0.05287,3646,0.2297,918,0.20242,23888,8.4054794520548,1.41369863013699
2012,Goa,26,0,88,83,2403,502,4931,0.04931,5174,0.24438,2010,0.20889,26638,6.58356164383562,1.37534246575342
2013,Goa,18,0,93,64,2029,367,5448,0.05448,7800,0.25937,3562,0.21699,29499,5.55890410958904,1.00547945205479
2014,Goa,6,0,34,117,6849,1359,6639,0.06639,6895,0.0716,3864,0.06433,33592,18.7643835616438,3.72328767123288
2015,Goa,22,0,61,19,4380,910,6624,0.06624,9483,0.11202,4262,0.09575,40025,12,2.49315068493151
2016,Goa,0,0,0,0,8183,1160,0,0,23637,0.03536,6030,0.01132,31481,22.4191780821918,3.17808219178082
2017,Goa,0,0,0,0,2104,194,0,0,24361,0.09178,6265,0.02371,32446,5.76438356164384,0.531506849315069
2018,Goa,0,0,0,0,1447,218,0,0,25960,0.07776,6076,0.01846,39453,3.96438356164384,0.597260273972603
2010,Gujarath,0,0,0,0,0,0,0,0,0,0,0,0,0,0,0
2011,Gujarath,29781,0,32967,1,282,113,22536,0.22536,207547,2.74008,99465,1.65926,373473,0.772602739726027,0.30958904109589
2012,Gujarath,30255,0,35241,0,202,68,4234,0.04234,226687,3.30509,111031,2.01861,453985,0.553424657534247,0.186301369863014
2013,Gujarath,27380,0,37745,0,116,27,6066,0.06066,332981,4.15864,153536,2.36419,569400,0.317808219178082,0.073972602739726
2014,Gujarath,6031,0,7948,1,307,46,3612,0.03612,393709,1.10808,170789,0.57707,633923,0.841095890410959,0.126027397260274
2015,Gujarath,7900,0,9647,0,206,19,1075,0.01075,445676,1.53794,170805,0.67137,658015,0.564383561643836,0.052054794520548
2016,Gujarath,0,23793,0,0,256,25,1574,0.01574,518571,0.93091,203931,0.37679,735394,0.701369863013699,0.068493150684932
2017,Gujarath,0,33884,0,0,101,10,0,0,491475,1.8554,228528,0.88104,768727,0.276712328767123,0.027397260273973
2018,Gujarath,0,28826,0,0,86,13,0,0,431820,1.323,181797,0.56936,765934,0.235616438356164,0.035616438356164
2010,Haryana,0,0,0,0,0,0,0,0,0,0,0,0,0,0,0
2011,Haryana,38827,36,25215,3,460,155,1394,0.01394,22544,1.67458,12801,1.57715,180259,1.26027397260274,0.424657534246575
2012,Haryana,47971,43,36593,2,317,77,177,0.00177,30727,2.0602,15872,1.89605,223754,0.868493150684932,0.210958904109589
2013,Haryana,53250,69,47060,1,205,35,252,0.00252,93921,2.5423,31626,1.91935,285856,0.561643835616438,0.095890410958904
2014,Haryana,14745,20,13466,1,476,56,866,0.00866,312940,0.75213,82326,0.20023,396449,1.3041095890411,0.153424657534247
2015,Haryana,19404,16,19073,0,250,24,520,0.0052,410710,1.29791,95105,0.3043,507084,0.684931506849315,0.065753424657534
2016,Haryana,9,0,1127,0,350,30,3540,0.0354,457298,0.8,115189,0.20286,572847,0.958904109589041,0.082191780821918
2017,Haryana,65,0,4149,0,131,9,0,0,425611,1.73864,134886,0.54964,593351,0.358904109589041,0.024657534246575
2018,Haryana,17,0,2268,0,120,11,0,0,374649,1.17993,128225,0.43972,641501,0.328767123287671,0.03013698630137
2010,Himachal Pradesh,0,0,0,0,0,0,0,0,0,0,0,0,0,0,0
2011,Himachal Pradesh,7983,0,4244,11,2689,782,2228,0.02228,1726,0.4303,1351,0.42655,44381,7.36712328767123,2.14246575342466
2012,Himachal Pradesh,10093,0,6728,4,1480,292,25,0.00025,2204,0.60469,1406,0.59573,62039,4.05479452054795,0.8
2013,Himachal Pradesh,9915,0,6930,3,1203,265,98,0.00098,7328,0.66075,3696,0.62443,69771,3.2958904109589,0.726027397260274
2014,Himachal Pradesh,3316,0,2393,1,2859,435,301,0.00301,59754,0.17766,25673,0.08029,88507,7.83287671232877,1.19178082191781
2015,Himachal Pradesh,3699,0,2869,0,1406,180,682,0.00682,82867,0.26217,37301,0.11757,120239,3.85205479452055,0.493150684931507
2016,Himachal Pradesh,0,0,0,0,2425,313,1222,0.01222,78722,0.1384,31811,0.05709,110985,6.64383561643836,0.857534246575342
2017,Himachal Pradesh,0,0,0,0,575,68,6589,0.06589,106680,0.41616,37742,0.14784,146048,1.57534246575342,0.186301369863014
2018,Himachal Pradesh,0,0,0,0,181,33,0,0,113665,0.6762,60396,0.49041,315195,0.495890410958904,0.09041095890411
2010,Jammu and kashmir,0,0,0,0,0,0,0,0,0,0,0,0,0,0,0
2011,Jammu and kashmir,2086,0,398,2,5982,2878,1919,0.01919,7061,0.22992,172,0.16103,23164,16.3890410958904,7.88493150684932
2012,Jammu and kashmir,3120,0,727,8,3832,1866,61,0.00061,6938,0.28728,213,0.21278,28960,10.4986301369863,5.11232876712329
2013,Jammu and kashmir,2925,0,532,10,4108,2397,63,0.00063,9004,0.27152,307,0.18455,27459,11.2547945205479,6.56712328767123
2014,Jammu and kashmir,961,0,115,1,13293,7465,2096,0.02096,18098,0.08007,1466,0.03223,29587,36.4191780821918,20.4520547945205
2015,Jammu and kashmir,1640,0,231,2,4647,2461,1942,0.01942,40197,0.14919,3341,0.03157,50341,12.7315068493151,6.74246575342466
2016,Jammu and kashmir,8,0,0,5,8635,3793,193,0.00193,32780,0.06921,2924,0.017,42756,23.6575342465753,10.3917808219178
2017,Jammu and kashmir,5,3,5,0,1562,478,915,0.00915,45791,0.23208,6697,0.07365,67300,4.27945205479452,1.30958904109589
2018,Jammu and kashmir,3,0,2,1,746,176,0,0,48559,0.20572,10234,0.07336,86291,2.04383561643836,0.482191780821918
2010,Jharkhand,0,0,0,0,0,0,0,0,0,0,0,0,0,0,0
2011,Jharkhand,7667,6,1096,6,2933,1194,6951,0.06951,6753,0.37744,18560,0.49551,56304,8.03561643835617,3.27123287671233
2012,Jharkhand,10552,9,1650,3,1634,548,319,0.00319,8180,0.51391,22142,0.66915,76004,4.47671232876712,1.5013698630137
2013,Jharkhand,10673,9,1921,2,1250,437,577,0.00577,10594,0.57275,30358,0.77039,87633,3.42465753424658,1.1972602739726
2014,Jharkhand,3584,0,793,6,2791,719,2015,0.02015,25088,0.11678,66090,0.22845,107528,7.64657534246575,1.96986301369863
2015,Jharkhand,4700,2,1258,5,1494,219,427,0.00427,35038,0.11442,100751,0.31881,136885,4.09315068493151,0.6
2016,Jharkhand,3,243,76,10,2198,293,800,0.008,36557,0.06619,92674,0.16415,130751,6.02191780821918,0.802739726027397
2017,Jharkhand,16,1342,113,1,468,47,1195,0.01195,51493,0.20621,120903,0.47497,175810,1.28219178082192,0.128767123287671
2018,Jharkhand,10,131,33,0,146,12,0,0,48983,0.17307,172878,0.60348,275310,0.4,0.032876712328767
2010,Karnataka,11151,0,626,26,1580,751,8083,0.08083,23965,0.23965,6822,0.38972,62937,4.32876712328767,2.05753424657534
2011,Karnataka,90865,0,4972,2,130,42,95279,0.95279,131638,5.90244,37327,4.95933,627571,0.356164383561644,0.115068493150685
2012,Karnataka,103497,0,6394,0,94,19,64144,0.64144,219683,6.46999,69383,4.79755,724072,0.257534246575342,0.052054794520548
2013,Karnataka,104421,3,6668,0,59,6,37618,0.37618,416007,7.54092,142443,4.80528,896535,0.161643835616438,0.016438356164384
2014,Karnataka,29782,0,1925,1,158,14,31305,0.31305,677739,2.21417,239326,0.98396,1029441,0.432876712328767,0.038356164383562
2015,Karnataka,29971,0,2055,0,119,9,26969,0.26969,793992,2.64322,257691,0.87121,1063633,0.326027397260274,0.024657534246575
2016,Karnataka,1,14477,0,2,188,17,34022,0.34022,786340,1.38116,284284,0.50496,1074358,0.515068493150685,0.046575342465754
2017,Karnataka,32,31053,0,1,67,7,57574,0.57574,766530,2.98348,320882,1.25317,1100310,0.183561643835616,0.019178082191781
2018,Karnataka,77,13387,0,1,53,7,56655,0.56655,609253,2.22356,248304,0.9728,1101515,0.145205479452055,0.019178082191781
2010,Kerala,0,0,0,0,0,0,0,0,0,0,0,0,0,0,0
2011,Kerala,37778,0,1876,7,412,131,11020,0.1102,126159,1.72706,64374,1.10921,237080,1.12876712328767,0.358904109589041
2012,Kerala,44570,0,2705,1,243,72,2845,0.02845,161221,2.41531,84326,1.55751,335315,0.665753424657534,0.197260273972603
2013,Kerala,49062,0,3423,0,179,50,2471,0.02471,246912,3.06381,102878,1.62347,409259,0.49041095890411,0.136986301369863
2014,Kerala,16548,1,1095,1,387,94,1226,0.01226,338037,1.07699,171568,0.61546,557128,1.06027397260274,0.257534246575342
2015,Kerala,20138,3,1162,0,255,54,1679,0.01679,415601,1.33378,260649,0.84269,683450,0.698630136986301,0.147945205479452
2016,Kerala,10,7147,1,0,334,74,1651,0.01651,471067,0.84986,325297,0.58915,809819,0.915068493150685,0.202739726027397
2017,Kerala,6,11728,1,0,123,27,1723,0.01723,451384,1.81271,329977,1.34457,806106,0.336986301369863,0.073972602739726
2018,Kerala,5,6076,4,0,137,35,21,0.00021,323520,1.15777,235584,0.85448,705613,0.375342465753425,0.095890410958904
2010,Ladakh,0,0,0,0,0,0,0,0,0,0,0,0,0,0,0
2011,Ladakh,0,0,0,0,84222222,74766666,0,0,2,0,0,0,3,0,0
2012,Ladakh,0,0,1,0,18923611,15095833,0,0,5,0.00011,1,5E-05,12,0,0
2013,Ladakh,3,0,1,0,10532132,7976177,0,0,15,0.00018,1,4E-05,19,0,0
2014,Ladakh,1,0,0,0,15938000,11501000,0,0,23,9E-05,1,2E-05,27,0,0
2015,Ladakh,6,0,0,0,4959250,3663250,0,0,45,0.00018,2,6E-05,58,13586.9863013699,0
2016,Ladakh,0,0,0,18903,2687712,1605482,0,0,84,0.00019,13,4E-05,128,7363.59452054795,0
2017,Ladakh,0,0,0,0,305769,66220,0,0,174,0.00095,31,0.00027,247,837.723287671233,0
2018,Ladakh,0,0,0,0,114173,15576,0,0,281,0.00086,71,0.00034,433,312.802739726027,0
2010,Madhya Pradesh,0,0,0,0,0,0,0,0,0,0,0,0,0,0,0
2011,Madhya Pradesh,46045,0,10636,5,274,104,67804,0.67804,103265,2.91663,103341,2.91739,395004,0.750684931506849,0.284931506849315
2012,Madhya Pradesh,47558,0,10083,5,225,71,48015,0.48015,120020,3.19767,111756,3.10358,443869,0.616438356164384,0.194520547945205
2013,Madhya Pradesh,61384,0,11422,2,143,32,38520,0.3852,159285,4.06424,150421,3.9756,556845,0.391780821917808,0.087671232876712
2014,Madhya Pradesh,17558,0,3053,9,401,69,27695,0.27695,222629,1.12437,212755,1.0999,681486,1.0986301369863,0.189041095890411
2015,Madhya Pradesh,18553,0,2667,5,295,44,28516,0.28516,236421,1.41638,221815,1.36493,671773,0.808219178082192,0.120547945205479
2016,Madhya Pradesh,0,0,0,2,392,48,16011,0.16011,355489,0.71265,305819,0.63918,743362,1.07397260273973,0.131506849315068
2017,Madhya Pradesh,0,0,0,0,114,11,0,0,417273,1.57515,344967,1.31364,816343,0.312328767123288,0.03013698630137
2018,Madhya Pradesh,0,0,0,0,81,11,0,0,372563,1.15646,275977,0.8647,812987,0.221917808219178,0.03013698630137
2010,Maharashtra,58186,0,17934,0,118,14,25128,0.25128,438241,4.38241,268981,4.28038,866279,0.323287671232877,0.038356164383562
2011,Maharashtra,59208,3,20518,0,111,11,35482,0.35482,427450,5.99856,270976,4.43382,870832,0.304109589041096,0.03013698630137
2012,Maharashtra,70791,1,27300,0,95,7,4108,0.04108,434537,6.81254,257844,4.87126,965560,0.26027397260274,0.019178082191781
2013,Maharashtra,59404,17,30938,0,80,5,5459,0.05459,559697,7.23711,315870,4.79884,1039581,0.219178082191781,0.013698630136986
2014,Maharashtra,17874,3,8801,0,243,15,6874,0.06874,716566,2.13807,351487,1.11073,1114737,0.665753424657534,0.041095890410959
2015,Maharashtra,23570,26,12715,0,147,8,8987,0.08987,871988,3.0639,384728,1.35965,1259036,0.402739726027397,0.021917808219178
2016,Maharashtra,4,2092,0,0,244,14,15243,0.15243,862462,1.5154,388091,0.68637,1253768,0.668493150684932,0.038356164383562
2017,Maharashtra,36,6998,0,0,78,5,27996,0.27996,913134,3.56258,385842,1.51728,1314965,0.213698630136986,0.013698630136986
2018,Maharashtra,33,3964,0,0,54,5,30456,0.30456,786753,2.6562,363602,1.27037,1374670,0.147945205479452,0.013698630136986
2010,Manipur,0,0,0,0,0,0,0,0,0,0,0,0,0,0,0
2011,Manipur,250,0,18,56,110611,52642,49,0.00049,268,0.01164,12,0.00908,1176,303.043835616438,144.224657534247
2012,Manipur,513,0,40,74,34817,10691,0,0,328,0.02279,42,0.0195,2325,95.3890410958904,29.2904109589041
2013,Manipur,679,0,64,8,12336,2920,10,0.0001,1602,0.04277,267,0.02942,4544,33.7972602739726,8
2014,Manipur,210,0,11,6,6879,933,567,0.00567,7474,0.01757,5544,0.0133,13019,18.8465753424658,2.55616438356164
2015,Manipur,320,0,20,12,4494,367,434,0.00434,7501,0.02362,7350,0.02335,14851,12.3123287671233,1.00547945205479
2016,Manipur,0,0,0,18,8655,550,0,0,8746,0.01179,6981,0.01,15727,23.7123287671233,1.50684931506849
2017,Manipur,0,3,0,5,2399,205,0,0,7886,0.02982,6786,0.02492,15548,6.57260273972603,0.561643835616438
2018,Manipur,0,1,0,0,2389,284,0,0,6605,0.02031,5415,0.01562,14821,6.54520547945206,0.778082191780822
2010,Meghalaya,0,0,0,0,0,0,0,0,0,0,0,0,0,0,0
2011,Meghalaya,100,0,182,3,72583,12062,50,0.0005,116,0.01174,131,0.01189,1305,198.857534246575,33.0465753424658
2012,Meghalaya,235,0,103,13,29777,3372,0,0,112,0.02563,144,0.0259,2719,81.5808219178082,9.23835616438356
2013,Meghalaya,80,0,78,8,38002,5417,0,0,499,0.01651,376,0.01528,2027,104.115068493151,14.841095890411
2014,Meghalaya,44,0,29,11,33837,3162,0,0,4017,0.00959,836,0.00191,4890,92.7041095890411,8.66301369863014
2015,Meghalaya,36,0,25,3,19654,1141,0,0,4200,0.01301,1261,0.00419,5482,53.8465753424658,3.12602739726027
2016,Meghalaya,0,8,0,5,31606,1213,0,0,4131,0.00712,1115,0.00213,5260,86.5917808219178,3.32328767123288
2017,Meghalaya,0,5,1,6,6278,82,0,0,5913,0.02204,1275,0.00485,7588,17.2,0.224657534246575
2018,Meghalaya,0,0,0,60,13784,193,0,0,2503,0.00739,777,0.00225,4038,37.7643835616438,0.528767123287671
2010,Mizoram,0,0,0,0,0,0,0,0,0,0,0,0,0,0,0
2011,Mizoram,27,0,12,0,86894,59406,5,5E-05,41,0.00637,28,0.00624,665,238.065753424658,162.756164383562
2012,Mizoram,53,0,27,0,11713,6588,0,0,123,0.01757,103,0.01728,1866,32.0904109589041,18.0493150684932
2013,Mizoram,56,0,42,1,24726,14906,0,0,176,0.012,108,0.01132,1308,67.7424657534247,40.8383561643836
2014,Mizoram,5,0,5,0,369431,239034,0,0,460,0.00115,222,0.00072,714,1012.1397260274,654.887671232877
2015,Mizoram,4,0,7,0,182486,105741,8,8E-05,828,0.00251,296,0.00089,1134,499.961643835616,289.701369863014
2016,Mizoram,0,0,0,0,380658,183981,2,2E-05,744,0.0012,284,0.00049,1039,1042.89863013699,0
2017,Mizoram,0,0,0,0,46289,12556,0,0,1257,0.00463,479,0.00206,1936,126.819178082192,34.4
2018,Mizoram,0,0,0,0,70231,19952,0,0,722,0.00256,163,0.00099,1365,192.413698630137,54.6630136986301
2010,Orissa,0,0,0,0,0,0,0,0,0,0,0,0,0,0,0
2011,Orissa,7116,2,13284,12,2041,989,5890,0.0589,20248,0.85418,16847,0.82017,102265,5.59178082191781,2.70958904109589
2012,Orissa,8236,0,13169,12,1363,533,406,0.00406,21881,1.04124,19713,1.01776,126070,3.73424657534247,1.46027397260274
2013,Orissa,9300,0,14829,5,875,313,771,0.00771,40664,1.24949,34092,1.18377,159041,2.3972602739726,0.857534246575342
2014,Orissa,2196,0,4396,16,2542,810,943,0.00943,84980,0.29914,56419,0.22005,164049,6.96438356164384,2.21917808219178
2015,Orissa,2146,1,4718,12,1491,365,1299,0.01299,116003,0.36931,74917,0.2424,192927,4.08493150684932,1
2016,Orissa,2,3,44,19,1744,323,4705,0.04705,133288,0.235,94878,0.16732,229001,4.77808219178082,0.884931506849315
2017,Orissa,7,159,40,4,547,79,10287,0.10287,169856,0.69388,112329,0.46615,299934,1.4986301369863,0.216438356164384
2018,Orissa,0,11,11,7,434,124,0,0,124566,0.4322,81802,0.29049,256311,1.18904109589041,0.33972602739726
2010,Punjab,0,0,0,0,0,0,0,0,0,0,0,0,0,0,0
2011,Punjab,49491,68,26478,2,547,178,2409,0.02409,17517,1.60316,6258,1.49057,166574,1.4986301369863,0.487671232876712
2012,Punjab,70008,80,41058,1,268,48,81,0.00081,25791,2.36295,9487,2.18127,246800,0.734246575342466,0.131506849315068
2013,Punjab,79752,73,54689,0,177,21,270,0.0027,83987,2.821,28303,2.26416,310403,0.484931506849315,0.057534246575343
2014,Punjab,21337,11,14760,0,501,37,281,0.00281,275884,0.66778,95560,0.236,374592,1.37260273972603,0.101369863013699
2015,Punjab,27648,17,20225,0,313,14,173,0.00173,299639,0.94628,113283,0.35849,413919,0.857534246575342,0.038356164383562
2016,Punjab,0,0,158,0,481,17,10544,0.10544,314126,0.55077,128660,0.22465,442910,1.31780821917808,0.046575342465754
2017,Punjab,0,0,982,0,148,5,0,0,383906,1.41987,147962,0.55161,563399,0.405479452054794,0.013698630136986
2018,Punjab,1,40,635,0,127,4,0,0,301605,0.98169,139346,0.49345,573146,0.347945205479452,0.010958904109589
2010,Rajasthan,0,0,0,0,0,0,0,0,0,0,0,0,0,0,0
2011,Rajasthan,14290,16,8920,3,628,234,17202,0.17202,23308,2.28741,22272,2.27705,251013,1.72054794520548,0.641095890410959
2012,Rajasthan,19903,14,12195,2,363,93,170,0.0017,25974,3.0347,24741,3.02041,330951,0.994520547945205,0.254794520547945
2013,Rajasthan,21428,14,15145,0,205,43,283,0.00283,61164,4.00004,37006,3.75846,437010,0.561643835616438,0.117808219178082
2014,Rajasthan,5405,2,3347,1,646,120,1667,0.01667,125828,1.01193,85605,0.89975,447139,1.76986301369863,0.328767123287671
2015,Rajasthan,7337,2,4703,1,386,60,11267,0.11267,350964,1.11924,230467,0.74268,585688,1.05753424657534,0.164383561643836
2016,Rajasthan,65,789,25,2,598,98,9652,0.09652,326639,0.58064,228206,0.40893,559176,1.63835616438356,0.268493150684932
2017,Rajasthan,129,8047,10,0,110,15,127745,1.27745,525791,2.0499,375976,1.47316,913171,0.301369863013699,0.041095890410959
2018,Rajasthan,55,9,0,0,84,19,0,0,355494,1.4819,273694,1.19924,865734,0.23013698630137,0.052054794520548
2010,Sikkim,0,0,0,0,0,0,0,0,0,0,0,0,0,0,0
2011,Sikkim,12,0,35,645,167288,101125,1,1E-05,24,0.00366,57,0.00399,423,458.323287671233,277.054794520548
2012,Sikkim,26,0,57,121,44366,15857,0,0,98,0.00734,142,0.00779,886,121.550684931507,43.4438356164384
2013,Sikkim,43,0,356,11,3454,492,1,1E-05,381,0.02942,458,0.03019,3400,9.46301369863014,1.34794520547945
2014,Sikkim,14,0,110,60,9390,1089,81,0.00081,2451,0.00589,2423,0.00613,4911,25.7260273972603,2.98356164383562
2015,Sikkim,19,0,161,16,8498,703,51,0.00051,2550,0.00766,2170,0.00676,4732,23.2821917808219,1.92602739726027
2016,Sikkim,0,12,1,0,12767,1106,0,0,2646,0.00374,2428,0.00367,5075,34.9780821917808,3.03013698630137
2017,Sikkim,2,24,0,0,7315,452,0,0,2419,0.00905,1887,0.00745,4561,20.041095890411,1.23835616438356
2018,Sikkim,0,4,0,0,7471,531,0,0,1671,0.00491,1628,0.0052,4078,20.4684931506849,1.45479452054795
2010,Tamilnadu,0,0,0,0,0,0,0,0,0,0,0,0,0,0,0
2011,Tamilnadu,67246,0,2228,0,557,180,12762,0.12762,50938,2.09008,12794,1.70864,221802,1.52602739726027,0.493150684931507
2012,Tamilnadu,79295,0,2390,0,407,109,428,0.00428,55726,2.50103,16888,2.06983,268919,1.11506849315069,0.298630136986301
2013,Tamilnadu,87127,0,2935,0,285,62,805,0.00805,91568,3.00431,26666,2.35529,327097,0.780821917808219,0.16986301369863
2014,Tamilnadu,25235,0,828,1,687,123,7020,0.0702,221911,0.82206,108621,0.50163,401418,1.88219178082192,0.336986301369863
2015,Tamilnadu,25910,0,948,1,456,67,12204,0.12204,314430,1.01505,139146,0.4658,461290,1.24931506849315,0.183561643835616
2016,Tamilnadu,0,0,0,2,593,90,34705,0.34705,333300,0.62284,150259,0.30448,505604,1.62465753424658,0.246575342465753
2017,Tamilnadu,0,0,0,0,149,21,40631,0.40631,404438,1.75175,165894,0.81654,624243,0.408219178082192,0.057534246575343
2018,Tamilnadu,0,0,0,1,97,17,0,0,353519,1.37797,136571,0.61963,658724,0.265753424657534,0.046575342465754
2010,Telangana,0,0,0,0,0,0,0,0,0,0,0,0,0,0,0
2011,Telangana,23536,0,1154,0,899,298,5094,0.05094,50173,0.75294,37473,0.62594,112767,2.46301369863014,0.816438356164383
2012,Telangana,28547,0,1127,0,675,178,480,0.0048,55790,0.83434,48000,0.74818,136802,1.84931506849315,0.487671232876712
2013,Telangana,30405,0,1509,0,493,123,579,0.00579,77568,0.98356,70763,0.91551,169119,1.35068493150685,0.336986301369863
2014,Telangana,6740,0,302,2,1795,469,768,0.00768,94917,0.24382,81804,0.21086,183129,4.91780821917808,1.28493150684932
2015,Telangana,8112,0,458,1,1183,293,672,0.00672,103208,0.32917,90487,0.29176,195023,3.24109589041096,0.802739726027397
2016,Telangana,0,0,0,3,2089,547,0,0,106978,0.15472,93303,0.13484,204123,5.72328767123288,1.4986301369863
2017,Telangana,0,0,0,0,544,150,0,0,105193,0.42992,100343,0.40997,228752,1.49041095890411,0.410958904109589
2018,Telangana,0,0,0,1,393,129,0,0,101017,0.32018,84602,0.27368,236422,1.07671232876712,0.353424657534247
2010,Tripura,0,0,0,0,0,0,0,0,0,0,0,0,0,0,0
2011,Tripura,536,0,86,3,11092,2822,235,0.00235,540,0.06377,1737,0.07574,8114,30.3890410958904,7.73150684931507
2012,Tripura,735,0,87,5,7009,1667,2,2E-05,1192,0.07681,2874,0.09584,10902,19.2027397260274,4.56712328767123
2013,Tripura,802,0,108,3,5433,875,7,7E-05,2138,0.08244,4547,0.10653,12791,14.8849315068493,2.3972602739726
2014,Tripura,212,0,24,13,19561,2443,17,0.00017,6589,0.0164,7042,0.01712,13701,53.5917808219178,6.69315068493151
2015,Tripura,307,0,41,13,14179,1534,5,5E-05,6546,0.02082,5570,0.01728,12127,38.8465753424658,4.2027397260274
2016,Tripura,1,11,1,13,18742,1467,14,0.00014,7124,0.01269,6641,0.0115,13772,51.3479452054795,4.01917808219178
2017,Tripura,1,26,0,7,7900,666,0,0,6337,0.0238,5587,0.02064,12566,21.6438356164384,1.82465753424658
2018,Tripura,1,23,0,13,6606,855,0,0,5577,0.01669,4494,0.01367,12430,18.0986301369863,2.34246575342466
2010,Uttar pradesh,0,0,0,0,0,0,0,0,0,0,0,0,0,0,0
2011,Uttar pradesh,76479,0,1693,6,234,82,37043,0.37043,90152,6.92935,70766,6.73549,763701,0.641095890410959,0.224657534246575
2012,Uttar pradesh,98376,0,2166,4,142,38,3203,0.03203,96614,8.79105,74117,8.54263,961480,0.389041095890411,0.104109589041096
2013,Uttar pradesh,106043,0,2433,4,114,32,4147,0.04147,165662,8.87087,117472,8.38897,1004559,0.312328767123288,0.087671232876712
2014,Uttar pradesh,28140,0,674,6,311,78,9091,0.09091,450862,2.18253,268968,1.73288,1167900,0.852054794520548,0.213698630136986
2015,Uttar pradesh,39099,0,1135,2,123,19,12189,0.12189,1032538,3.72371,541150,2.16856,1721962,0.336986301369863,0.052054794520548
2016,Uttar pradesh,60,0,965,3,137,21,23265,0.23265,1281885,2.40573,701527,1.38886,2076121,0.375342465753425,0.057534246575343
2017,Uttar pradesh,127,33,1150,0,35,5,62466,0.62466,1295835,5.90719,808704,3.92831,2391896,0.095890410958904,0.013698630136986
2018,Uttar pradesh,75,9,535,0,25,4,0,0,1051070,4.35728,803365,3.50077,2550912,0.068493150684932,0.010958904109589
2010,Uttarakhand,0,0,0,0,0,0,0,0,0,0,0,0,0,0,0
2011,Uttarakhand,8638,0,162,18,2572,1116,1186,0.01186,18164,0.37423,1947,0.21206,39370,7.04657534246575,3.05753424657534
2012,Uttarakhand,16966,0,305,9,1315,505,31,0.00031,34276,0.59919,2769,0.24828,63004,3.6027397260274,1.38356164383562
2013,Uttarakhand,13672,0,566,9,671,113,92,0.00092,57123,0.7932,5414,0.27611,84734,1.83835616438356,0.30958904109589
2014,Uttarakhand,2828,0,187,28,1942,271,1486,0.01486,88131,0.22425,12651,0.04178,105319,5.32054794520548,0.742465753424658
2015,Uttarakhand,3414,0,352,23,1938,163,351,0.00351,71395,0.2383,13159,0.05188,87826,5.30958904109589,0.446575342465753
2016,Uttarakhand,1,232,0,6,2761,241,346,0.00346,77602,0.13571,14505,0.02732,92937,7.56438356164384,0.66027397260274
2017,Uttarakhand,0,405,0,0,807,95,0,0,95652,0.39058,15870,0.0657,118039,2.21095890410959,0.26027397260274
2018,Uttarakhand,1,249,0,1,536,115,0,0,83847,0.32287,14881,0.11551,151216,1.46849315068493,0.315068493150685
2010,West Bengal,0,0,0,0,0,0,0,0,0,0,0,0,0,0,0
2011,West Bengal,32106,0,621,2,1142,599,13116,0.13116,19708,1.28006,18124,1.26422,146130,3.12876712328767,1.64109589041096
2012,West Bengal,41395,0,1043,2,643,307,3249,0.03249,23177,1.77796,24913,1.79612,205429,1.76164383561644,0.841095890410959
2013,West Bengal,41932,0,1198,1,456,186,7668,0.07668,35895,2.06383,33437,2.03925,239820,1.24931506849315,0.50958904109589
2014,West Bengal,10629,0,507,2,1707,617,7970,0.0797,109395,0.45604,64233,0.34744,254380,4.67671232876712,1.69041095890411
2015,West Bengal,20955,19,2560,2,685,175,6027,0.06027,225335,0.74249,146027,0.4913,381017,1.87671232876712,0.479452054794521
2016,West Bengal,0,189,0,2,1112,219,3207,0.03207,186727,0.34524,157430,0.29443,353949,3.04657534246575,0.6
2017,West Bengal,1,3652,0,0,280,36,0,0,212715,0.91193,196775,0.84525,444120,0.767123287671233,0.098630136986301
2018,West Bengal,0,6281,0,0,233,24,0,0,192433,0.59874,185322,0.57621,473084,0.638356164383562,0.065753424657534
